{
	"$schema": "https://schemas.wp.org/wp/6.3/theme.json",
	"customTemplates": [
		{
			"name": "blank",
			"postTypes": [
				"page",
				"post"
			],
			"title": "Blank"
		},
		{
			"name": "no-title",
			"postTypes": [
				"page",
				"post"
			],
			"title": "Page without title"
		}
	],
	"settings": {
		"appearanceTools": true,
		"color": {
			"custom": true,
			"customGradient": true,
			"defaultGradients": false,
			"defaultPalette": false,
			"gradients": [
				{
					"gradient": "linear-gradient(to bottom right,var(--wp--preset--color--primary) 0%,var(--wp--preset--color--secondary) 100%)",
					"name": "Diagonal primary to secondady",
					"slug": "diagonal-primary-to-secondary"
				},
				{
					"gradient": "linear-gradient(196deg, rgb(74, 234, 220) 0%, rgb(151, 120, 209) 20%, rgb(207, 42, 186) 40%, rgb(238, 44, 130) 60%, rgb(251, 105, 98) 80%, rgb(254, 248, 76) 100%)",
					"name": "Text Gradient",
					"slug": "creative-primary"
				},
				{
					"gradient": "linear-gradient(70deg, #FF8813 0%, #FF0000 40%, #EE0EBD 100%)",
					"name": "Button background",
					"slug": "creative-btn"
				},
				{
					"gradient": "linear-gradient(135deg,rgb(255,203,112) 0%,rgb(191 42 182) 50%,rgb(36 64 211) 100%)",
					"name": "Multi Color second",
					"slug": "creative-two"
				},
				{
					"gradient": "linear-gradient(135deg,rgb(254,205,165) 0%,rgb(254,45,45) 50%,rgb(185,0,108) 93%)",
					"name": "Multi Color third",
					"slug": "creative-third"
				},
				{
					"gradient": "linear-gradient(135deg,rgb(64,129,246) 0%,rgb(128,104,250) 18%,rgb(255,128,170) 38%,rgb(255,103,88) 56%,rgb(255,101,24) 65%,rgb(255,177,36) 76%)",
					"name": "Multi Color four",
					"slug": "creative-four"
				},
				{
					"gradient": "linear-gradient(45deg, #FA8BFF 0%, #2BD2FF 52%, #2BFF88 90%)",
					"name": "Multi Color five",
					"slug": "creative-five"
				},
				{
					"gradient": "linear-gradient(119deg, #84a1ff 0%, #3057ff 39%, #ff4242 100%)",
					"name": "Multi Color six",
					"slug": "creative-six"
				},
				{
					"gradient": "linear-gradient(135deg,rgb(74,234,220) 0%,rgb(151,120,209) 20%,rgb(207,42,186) 40%,rgb(238,44,130) 60%,rgb(251,105,98) 80%,rgb(254,248,76) 100%)",
					"name": "Multi Color seven",
					"slug": "creative-seven"
				},
				{
					"gradient": "linear-gradient(90deg,#fe6459,#fedd40,#53e7ab,#52dbff,#6967e2,#fe58e3,#fe6459)",
					"name": "Rainbow creative",
					"slug": "rainbow"
				}
			],
			"palette": [
				{
					"color": "#000001",
					"name": "Base color (content text)",
					"slug": "basecolor"
				},
				{
					"color": "#fffffe",
					"name": "Contrast color (content background)",
					"slug": "contrastcolor"
				},
				{
					"color": "#7000f4",
					"name": "Primary",
					"slug": "primary"
				},
				{
					"color": "#2184f9",
					"name": "Secondary",
					"slug": "secondary"
				},
				{
					"color": "#fffffd",
					"name": "Text over primary",
					"slug": "textonprimary"
				},
				{
					"color": "#ffd800",
					"name": "Secondary Button",
					"slug": "button"
				},
				{
					"color": "#010101",
					"name": "Text over button",
					"slug": "textonbutton"
				},
				{
					"color": "#de1414",
					"name": "Attention Color",
					"slug": "accent"
				},
				{
					"color": "#f9fafb",
					"name": "Accented Light Background",
					"slug": "lightbg"
				},
				{
					"color": "#b952fe26",
					"name": "Tag color",
					"slug": "tagcolor"
				},
				{
					"color": "#A8B8CD",
					"name": "Light Grey (for Meta text)",
					"slug": "lightgrey"
				},
				{
					"color": "#444444",
					"name": "Price color (for woocommerce)",
					"slug": "price"
				},
				{
					"color": "#cecece6b",
					"name": "Borders, Dividers",
					"slug": "lightborder"
				},
				{
					"color": "#fafbfd",
					"name": "Input background",
					"slug": "inputbg"
				},
				{
					"color": "#444",
					"name": "Input text",
					"slug": "inputtext"
				}
			]
		},
		"custom": {
			"color": {
				"black": "#000",
				"light": "#f9fafb",
				"white": "#fff"
			},
			"fontWeight": {
				"black": 900,
				"bold": "bold",
				"normal": "normal"
			},
			"lineHeight": {
				"large": 2,
				"medium": 1.6999999999999999555910790149937383830547332763671875,
				"normal": 1.399999999999999911182158029987476766109466552734375,
				"one": 1,
				"small": 1.100000000000000088817841970012523233890533447265625,
				"x-large": 2.5
			},
			"spacing": {
				"blockbottom": "31px",
				"outer": "min(5vw, 30px)"
			}
		},
		"layout": {
			"contentSize": "748px",
			"wideSize": "1200px"
		},
		"spacing": {
			"units": [
				"%",
				"px",
				"em",
				"rem",
				"vh",
				"vw",
				"ch"
			]
		},
		"typography": {
			"customFontSize": true,
			"dropCap": true,
			"fontFamilies": [
				{
					"fontFamily": "-apple-system,BlinkMacSystemFont,\"Segoe UI\",Roboto,Oxygen-Sans,Ubuntu,Cantarell,\"Helvetica Neue\",sans-serif",
					"name": "System Font",
					"slug": "system"
				},
				{
					"fontFamily": "var(--greenshift-primary-fontfamily, var(--wp--preset--font-family--system))",
					"name": "Primary Theme Font",
					"slug": "primary"
				},
				{
					"fontFamily": "var(--greenshift-secondary-fontfamily, var(--wp--preset--font-family--system))",
					"name": "Secondary Theme Font",
					"slug": "secondary"
				},
				{
					"fontFamily": "var(--greenshift-tertiary-fontfamily, var(--wp--preset--font-family--system))",
					"name": "Tertiary Theme Font",
					"slug": "tertiary"
				},
				{
					"fontFamily": "\"Source Serif Pro\", serif",
					"name": "Source Serif Pro",
					"slug": "source-serif-pro"
				},
				{
					"fontFamily": "monospace",
					"name": "Monospace",
					"slug": "monospace"
				}
			],
			"fontSizes": [
				{
					"name": "Static - Mini",
					"size": "11px",
					"slug": "xxs"
				},
				{
					"name": "Static - Extra Small (Tags)",
					"size": "0.85rem",
					"slug": "xsmall"
				},
				{
					"name": "Static - Small (Menu)",
					"size": "1rem",
					"slug": "small"
				},
				{
					"name": "Static - Medium (Content)",
					"size": "1.2rem",
					"slug": "medium"
				},
				{
					"name": "Static - Subheading",
					"size": "1.3rem",
					"slug": "subheading"
				},
				{
					"name": "Static - Big (H3 heading)",
					"size": "1.45rem",
					"slug": "big"
				},
				{
					"name": "Fluid Large (H2 heading)",
					"size": "clamp(1.4rem, 2.45vw, 1.75rem)",
					"slug": "large"
				},
				{
					"name": "Fluid xLarge (H1 heading)",
					"size": "clamp(1.75rem, 3vw, 2.2rem)",
					"slug": "x-large"
				},
				{
					"name": "Fluid - Huge",
					"size": "clamp(2.3rem, 4vw, 2.75rem)",
					"slug": "max-huge"
				},
				{
					"name": "Fluid - Gigantic",
					"size": "clamp(2.8rem, 6vw, 3.25rem)",
					"slug": "max-gigantic"
				},
				{
					"name": "Fluid - Boss",
					"size": "clamp(42px, 5vw, 60px)",
					"slug": "max-60"
				},
				{
					"name": "Fluid - Colossus",
					"size": "clamp(4rem, 8vw, 10rem)",
					"slug": "max-80"
				}
			]
		},
		"useRootPaddingAwareAlignments": true
	},
	"styles": {
		"blocks": {
			"core/button": {
				"border": {
					"radius": "5px"
				},
				"color": {
					"background": "var(--wp--preset--color--primary)",
					"gradient": "none",
					"text": "var(--wp--preset--color--textonprimary)"
				},
				"elements": {
					"link": {
						"typography": {
							"textDecoration": "none"
						}
					}
				},
				"spacing": {
					"padding": {
						"bottom": "10px",
						"left": "25px",
						"right": "25px",
						"top": "10px"
					}
				},
				"typography": {
					"fontFamily": "var(--wp--preset--font-family--secondary)",
					"fontSize": "var(--wp--preset--font-size--small)",
					"fontWeight": "var(--wp--custom--font-weight--normal)"
				}
			},
			"core/calendar": {
				"spacing": {
					"margin": {
						"bottom": "var(--wp--custom--spacing--blockbottom)"
					}
				},
				"typography": {
					"fontSize": "var(--wp--preset--font-size--small)"
				}
			},
			"core/code": {
				"border": {
					"color": "var(--wp--custom--color--black)",
					"radius": "0"
				},
				"color": {
					"background": "var(--wp--custom--color--black)",
					"text": "var(--wp--custom--color--white)"
				},
				"spacing": {
					"margin": {
						"bottom": "var(--wp--custom--spacing--blockbottom)"
					},
					"padding": {
						"bottom": "25px",
						"left": "30px",
						"right": "30px",
						"top": "25px"
					}
				},
				"typography": {
					"fontFamily": "var(--wp--preset--font-family--monospace)",
					"fontSize": "var(--wp--preset--font-size--small)"
				}
			},
			"core/columns": {
				"spacing": {
					"margin": {
						"bottom": "0"
					}
				}
			},
			"core/cover": {
				"spacing": {
					"margin": {
						"top": "0"
					},
					"padding": {
						"bottom": "30px",
						"left": "30px",
						"right": "30px",
						"top": "30px"
					}
				}
			},
			"core/embed": {
				"spacing": {
					"margin": {
						"bottom": "var(--wp--custom--spacing--blockbottom)"
					}
				}
			},
			"core/gallery": {
				"spacing": {
					"margin": {
						"bottom": "var(--wp--custom--spacing--blockbottom)"
					}
				}
			},
			"core/heading": {
				"typography": {
					"fontFamily": "var(--wp--preset--font-family--primary)"
				}
			},
			"core/image": {
				"spacing": {
					"margin": {
						"bottom": "var(--wp--custom--spacing--blockbottom)",
						"top": "var( --wp--style--block-gap )"
					}
				}
			},
			"core/navigation": {
				"elements": {
					"link": {
						"typography": {
							"textDecoration": "none"
						}
					}
				},
				"typography": {
					"fontSize": "var(--wp--preset--font-size--small)",
					"lineHeight": "var(--wp--custom--line-height--normal)"
				}
			},
			"core/post-comments": {
				"spacing": {
					"margin": {
						"bottom": "20px"
					}
				}
			},
			"core/post-title": {
				"elements": {
					"link": {
						"typography": {
							"textDecoration": "none"
						}
					}
				},
				"spacing": {
					"margin": {
						"bottom": "20px"
					}
				},
				"typography": {
					"fontSize": "var(--wp--preset--font-size--large)"
				}
			},
			"core/preformatted": {
				"border": {
					"color": "var(--wp--custom--color--black)",
					"radius": "0"
				},
				"color": {
					"background": "var(--wp--custom--color--black)",
					"text": "var(--wp--custom--color--white)"
				},
				"spacing": {
					"margin": {
						"bottom": "var(--wp--custom--spacing--blockbottom)"
					},
					"padding": {
						"bottom": "25px",
						"left": "30px",
						"right": "30px",
						"top": "25px"
					}
				},
				"typography": {
					"fontFamily": "var(--wp--preset--font-family--monospace)",
					"fontSize": "var(--wp--preset--font-size--small)"
				}
			},
			"core/pullquote": {
				"border": {
					"color": "var(--wp--preset--color--accent)",
					"style": "solid",
					"width": "1px"
				},
				"color": {
					"text": "var(--wp--preset--color--accent)"
				},
				"elements": {
					"link": {
						"color": {
							"text": "var(--wp--preset--color--accent)"
						}
					}
				},
				"spacing": {
					"margin": {
						"bottom": "var(--wp--custom--spacing--blockbottom)",
						"top": "var( --wp--style--block-gap )"
					},
					"padding": {
						"bottom": "30px",
						"left": "30px",
						"right": "30px",
						"top": "30px"
					}
				},
				"typography": {
					"fontSize": "var(--wp--preset--font-size--large)",
					"lineHeight": "var(--wp--custom--line-height--medium)"
				}
			},
			"core/quote": {
				"elements": {
					"cite": {
						"color": {
							"text": "var(--wp--preset--color--lightgrey)"
						},
						"typography": {
							"fontSize": "var(--wp--preset--font-size--small)"
						}
					}
				},
				"spacing": {
					"margin": {
						"bottom": "35px",
						"top": "var( --wp--style--block-gap )"
					},
					"padding": {
						"bottom": "30px",
						"left": "40px",
						"right": "40px",
						"top": "30px"
					}
				},
				"typography": {
					"fontSize": "var(--wp--preset--font-size--large)",
					"lineHeight": "var(--wp--custom--line-height--medium)"
				}
			},
			"core/separator": {
				"color": {
					"text": "var(--wp--preset--color--lightborder)"
				},
				"spacing": {
					"margin": {
						"bottom": "var(--wp--custom--spacing--blockbottom)",
						"top": "var(--wp--custom--spacing--blockbottom)"
					}
				},
				"typography": {
					"fontSize": "var(--wp--preset--font-size--large)"
				}
			},
			"core/site-tagline": {
				"spacing": {
					"margin": {
						"bottom": "20px"
					}
				},
				"typography": {
					"fontSize": "var(--wp--preset--font-size--small)"
				}
			},
			"core/site-title": {
				"elements": {
					"link": {
						"typography": {
							"textDecoration": "none"
						}
					}
				},
				"spacing": {
					"margin": {
						"bottom": "0"
					}
				},
				"typography": {
					"fontFamily": "var(--wp--preset--font-family--secondary)",
					"fontSize": "1.45rem",
					"fontWeight": "var(--wp--custom--font-weight--bold)",
					"letterSpacing": "3px",
					"lineHeight": "var(--wp--custom--line-height--one)",
					"textTransform": "uppercase"
				}
			},
			"core/table": {
				"spacing": {
					"margin": {
						"bottom": "var(--wp--custom--spacing--blockbottom)"
					}
				},
				"typography": {
					"fontSize": "var(--wp--preset--font-size--small)",
					"lineHeight": "var(--wp--custom--line-height--medium)"
				}
			},
			"core/template-part": {
				"spacing": {
					"margin": {
						"bottom": "0px",
						"top": "0px"
					}
				}
			}
		},
		"color": {
			"background": "var(--wp--preset--color--contrastcolor)",
			"text": "var(--wp--preset--color--basecolor)"
		},
		"elements": {
			"button": {
				":hover": {
					"color": {
						"background": "var(--wp--preset--color--primary)",
						"gradient": "none",
						"text": "var(--wp--preset--color--textonprimary)"
					}
				},
				"border": {
					"radius": "5px"
				},
				"color": {
					"background": "var(--wp--preset--color--primary)",
					"gradient": "none",
					"text": "var(--wp--preset--color--textonprimary)"
				}
			},
			"h1": {
				"typography": {
					"fontSize": "var(--wp--preset--font-size--x-large)",
					"lineHeight": 1.3000000000000000444089209850062616169452667236328125
				}
			},
			"h2": {
				"spacing": {
					"margin": {
						"bottom": "var(--wp--custom--spacing--blockbottom)",
						"top": "2.8rem"
					}
				},
				"typography": {
					"fontSize": "var(--wp--preset--font-size--large)",
					"lineHeight": 1.3000000000000000444089209850062616169452667236328125
				}
			},
			"h3": {
				"spacing": {
					"margin": {
						"bottom": "var(--wp--custom--spacing--blockbottom)",
						"top": "1.8rem"
					}
				},
				"typography": {
					"fontSize": "var(--wp--preset--font-size--big)",
					"lineHeight": 1.3000000000000000444089209850062616169452667236328125
				}
			},
			"h4": {
				"typography": {
					"fontSize": "var(--wp--preset--font-size--medium)",
					"lineHeight": 1.1999999999999999555910790149937383830547332763671875
				}
			},
			"h5": {
				"typography": {
					"fontSize": "var(--wp--preset--font-size--medium)",
					"lineHeight": 1.1999999999999999555910790149937383830547332763671875
				}
			},
			"h6": {
				"typography": {
					"fontSize": "var(--wp--preset--font-size--small)",
					"lineHeight": 1.1999999999999999555910790149937383830547332763671875
				}
			},
			"heading": {
				"typography": {
					"fontFamily": "var(--wp--preset--font-family--primary)"
				}
			},
			"link": {
				":active": {
					"color": {
						"text": "var(--wp--preset--color--basecolor)"
					},
					"typography": {
						"textDecoration": "none"
					}
				},
				":focus": {
					"typography": {
						"textDecoration": "underline dashed"
					}
				},
				":hover": {
					"typography": {
						"textDecoration": "none"
					}
				},
				"color": {
					"text": "var(--wp--preset--color--basecolor)"
				},
				"typography": {
					"textDecoration": "underline"
				}
			}
		},
		"spacing": {
			"blockGap": "1.6rem",
			"padding": {
				"bottom": "0px",
				"left": "2rem",
				"right": "2rem",
				"top": "0px"
			}
		},
		"typography": {
			"fontFamily": "var(--wp--preset--font-family--system)",
			"fontSize": "var(--wp--preset--font-size--medium)",
			"fontWeight": "var(--wp--custom--font-weight--normal)",
			"lineHeight": "var(--wp--custom--line-height--medium)"
		}
	},
	"templateParts": [
		{
			"area": "header",
			"name": "header",
			"title": "Header"
		},
		{
			"area": "footer",
			"name": "footer",
			"title": "Footer"
		},
		{
			"area": "uncategorized",
			"name": "titlepost",
			"title": "Post Title area"
		},
		{
			"area": "uncategorized",
			"name": "titlepage",
			"title": "Page Title area"
		}
	],
	"version": 2
}